video_id,title,channel_title,published_at,view_count,like_count,comment_count,duration,category_id,engagement_rate
lOHVMmZ6n3o,"BORDER 2: Ghar Kab Aaoge | Sunny Deol | Anu,Mithoon, Sonu, Roop, Arijit, Vishal, Diljit, Javed,Manoj",T-Series,2026-01-02 14:00:06+00:00,17571727,753787,38244,PT3M11S,10,0.04507416943138259
fJaAYcERf3Y,Jana Nayagan - Official Trailer | Thalapathy Vijay | Pooja Hegde | H Vinoth | Anirudh | KVN,KVN PRODUCTIONS,2026-01-03 13:15:05+00:00,19453068,1102972,77007,PT2M52S,1,0.06065773275454545
GkNh54g7_d0,FIRST STREAM OF 2026 ü•≥ | JONATHAN IS BACK!! | BGMI!!,JONATHAN GAMING,2026-01-02 23:10:42+00:00,1829592,159601,648,PT7H16M29S,20,0.08758728722032016
KoGOONSG1_g,Ghar Kab Aaoge (From ‚ÄúBORDER 2‚Äù),Anu Malik - Topic,2026-01-02 05:42:00+00:00,2187062,112395,308,PT10M35S,10,0.05153168954515235
tzNTBH3RS0g,Jana Nayagan | Trailer Reaction | Thalapathy Vijay | H Vinoth | Malayalam,LifeofShazzam,2026-01-03 14:36:23+00:00,305328,25203,1306,PT6M56S,24,0.08682138552638474
3A7iNYwyG5s,I Found FATHER of ALL MOBS in Minecraft!,Carry Depie,2026-01-03 08:39:54+00:00,861231,12395,716,PT16M26S,20,0.015223557907228142
raOAYDLgOAQ,#Video | #Khesari Lal Yadav | ‡§¨‡•Å‡§≤‡§¨‡•Å‡§≤ | #Shilpi Raj | Ft. #Neelam Giri | Bulbul | Bhojpuri Song 2026,Sur Music ,2026-01-02 01:31:01+00:00,2190647,150138,26682,PT3M15S,10,0.08071587982910984
gGOioM0fMRc,Jana Nayagan Trailer Review | Yogi Bolta Hai,YOGI BOLTA HAI,2026-01-03 17:30:09+00:00,275037,16813,1501,PT3M40S,24,0.06658740460374422
iQrUZaa3-Sg,I Cheated With Scary Potion In Minecraft Build Battle ‚Ä¶.,Karry Kraft,2026-01-03 12:09:52+00:00,489996,7562,259,PT11M18S,20,0.015961354786569685
nQrrVyVIYvw,"Vaammo Vaayyo | Bhartha Mahasayulaku Wignyapthi | Ravi Teja, Ashika R, Dimple H | Bheems Ceciroleo",Saregama Telugu,2026-01-02 10:39:46+00:00,4014831,35167,1014,PT3M2S,10,0.009011836363722409
9QBppIBhCqM,JANA NAYAGAN -Official Trailer [ Tamil ] |Vijay Thalapathy|Bobby Deol | H.Vinoth | New movie Trailer,"WHITE CHILLIES ENTERTAINMENT 


.",2026-01-02 11:44:26+00:00,730229,22375,226,PT1M36S,24,0.030950564822815857
OjrYt0twb1s,KYA YE SEASON LEGEND HOGA? | ULTIMATE ROYALE OR WHAT | BGMI LIVE,LoLzZz Gaming,2026-01-03 21:52:42+00:00,500290,25513,26,PT6H51S,20,0.051048391932679044
_1nYLqS7Dgw,Dekho Dekho Mujhe Chhod Na Dena | ‡§®‡§è ‡§∏‡§æ‡§≤ ‡§ï‡•Ä ‡§∏‡•Å‡§™‡§∞‡§π‡§ø‡§ü ‡§ï‡§µ‡•ç‡§µ‡§æ‡§≤‡•Ä | ‡§¶‡•á‡§ñ‡•ã ‡§¶‡•á‡§ñ‡•ã ‡§Æ‡•Å‡§ù‡•á ‡§õ‡•ã‡•ú | Khwaja Qawwali,Shree Cassette Islamic,2026-01-03 00:00:50+00:00,187665,3805,190,PT11M15S,10,0.021287933285375538
JV28P4dzjLY,Jana Nayagan - Official Trailer : Decoding | Thalapathy Vijay | Hidden Details | Vinoth | Ani | KVN,MAAYAM STUDIOS,2026-01-03 16:25:48+00:00,177084,7964,766,PT26M35S,25,0.04929863793453954
0ttNImp0-Do,INDIA vs NEW ZEALAND 1ST ODI HIGHLIGHTS 2026 | INDIA vs NEW ZEALAND ODI 2026 | IND vs NZ | CRICKET,Cric Analysis TV,2026-01-02 08:15:24+00:00,1989218,0,0,PT13M51S,17,0.0
TFTnJzWRTJ8,"Naal Nachna | Dhurandhar | Ranveer Singh, Sara Arjun, Shashwat Sachdev, Afsana Khan, Reble, Irshad",Saregama Music,2025-12-31 10:30:08+00:00,3525503,44297,1018,PT2M6S,10,0.012853485020435382
eozmYcH3qsY,Jana Nayagan(JanNeta) Trailer REVIEW | HINDI |,Suraj Kumar,2026-01-03 15:39:42+00:00,154310,10234,1074,PT4M21S,24,0.07328105761130192
XPlvt71rDeY,WINTERGLOW SYLPH CRATE OPENING! | BGMI SCRIMS AND CLASSIC LIVE | ADMINO GAMING |,ADMINO Gaming,2026-01-03 20:11:33+00:00,523290,42183,43,PT5H43M2S,20,0.08069330581513119
REautu_HA0Q,1 Hour Nonstop ‡§Æ‡•á‡§∞‡•á ‡§§‡§® ‡§Æ‡•á‡§Ç ‡§≠‡•Ä ‡§∞‡§æ‡§Æ ‡§Æ‡•á‡§∞‡•á ‡§Æ‡§® ‡§Æ‡•á‡§Ç ‡§≠‡•Ä ‡§∞‡§æ‡§Æ Ram Naam Jap Powerful Ram Bhajan,Hamar Mai Records,2026-01-02 22:30:06+00:00,130967,1785,163,PT58M54S,10,0.014873975887055519
13pQrc4Q1kM,Jana Nayagan Trailer Reaction | #thalapathy #vijay #hvinoth #anirudh | Mr Earphones #jananayagan,Mr & Mrs Earphones BC_BotM,2026-01-03 14:44:39+00:00,102662,8780,213,PT12M21S,24,0.0875981375776821
qjJo6qwR4YQ,Using A Wishing Well To STEAL My Friends SECRETS in Minecraft!,Junkeyy,2026-01-02 13:10:43+00:00,764533,15647,922,PT19M7S,20,0.021672053397302667
v7-6tStNSNA,BHA BHA BA - Azhinjattam Video Song  | Mohanlal | Dilieep | Shaan Rahman | MG Sreekumar | Vineeth,Sree Gokulam Movies,2026-01-02 12:31:33+00:00,348907,18299,1888,PT4M28S,1,0.057857824577896115
uufGMqEEdag,"Jana Nayagan Trailer, Partial Remake!!( REACTION!! )",GR STUDIOS,2026-01-03 14:39:47+00:00,123554,10796,344,PT20M47S,24,0.0901630056493517
bBu__V3ZqEI,AMONG US NIGHT WITH S8UL VALO LATER !insta,Snax Gaming,2026-01-03 19:30:14+00:00,252339,18618,33,PT4H30M25S,20,0.07391247488497617
9vJZ8mJyDbk,SR 9898 ASLAM SINGER ZAMIDAR ( ‡§ï‡§¶‡§ï‡•Ä ‡§∞‡•ã‡§∞‡•Ä ‡§§‡•á‡§∞‡•á ‡§≤‡•Ä‡§™‡§ü ‡§ï‡•á )  NEW MEWATI VIDEO SONG 2026 | DIGITAL MEWAT,Aslam Singer Zamidar,2026-01-01 04:00:07+00:00,773749,50297,3231,PT19M21S,10,0.06918005709861984
n00fIP08s_Q,JAISI KARNI WAISI BHARNI I ‡§ú‡•à‡§∏‡•Ä ‡§ï‡§∞‡§®‡•Ä ‡§µ‡•à‡§∏‡•Ä ‡§≠‡§∞‡§®‡•Ä I OFFICIAL TRAILER I MANI BHATTACHARIYA I MEGHASHREE,B4U Bhojpuri,2026-01-03 02:31:00+00:00,445748,3805,56,PT4M22S,1,0.008661844809174691
vmxWwmWtkwc,Choo Choo Charles Ki SABSE Khatarnak Location üò± Aaj Explore Karunga! #hindihorrorlive  #shortslive,Kumar Gaming ,2026-01-04 04:40:08+00:00,157506,1976,2,PT1H9M55S,20,0.012558251749139715
qmyzqOM-aDw,"‡§∂‡§®‡§ø‡§µ‡§æ‡§∞ ‡§™‡•Ç‡§∞‡•ç‡§£‡§ø‡§Æ‡§æ ‡§ï‡•á ‡§¶‡§ø‡§® ‡§∏‡•Å‡§®‡•ç‡§¶‡§∞‡§ï‡§æ‡§£‡•ç‡§° ‡§™‡§æ‡§† ‡§ò‡§∞ ‡§Æ‡•á‡§Ç ‡§ö‡§≤‡§æ‡§ï‡§∞ ‡§∞‡§ñ ‡§¶‡•ã ‡§¨‡•Ä‡§Æ‡§æ‡§∞‡•Ä ‡§ñ‡§§‡•ç‡§Æ, ‡§ï‡§∞‡•ç‡§ú ‡§ñ‡§§‡•ç‡§Æ, ‡§ß‡§®‡§µ‡§∞‡•ç‡§∑‡§æ ‡§∂‡•Å‡§∞‡•Ç #2026",Sundarkand Path,2026-01-02 22:00:55+00:00,112796,1031,139,PT1H1M20S,10,0.010372708252065677
1jqQzsytYFw,Krrish 4 Teaser 10 January - Yes or No | Deeksha Sharma,Filmi Indian,2026-01-03 08:49:01+00:00,318625,13923,633,PT3M49S,24,0.0456837975676736
iSciq2Kg-SY,Long Slide Game With Elephant Gorilla Buffalo Hippopotamus Tiger - 3d Animal Game - Funny 3d Animals,FunAnimationLive NumAnima,2026-01-03 11:23:53+00:00,495318,64459,1442,PT10M53S,24,0.13304786016256223
kqE8ROuGOr4,‡§≠‡•Ä‡•ú ‡§Æ‡•á‡§Ç | Tumsa Nahin Dekha A Love Story | Shreya Ghoshal | Udit Narayan Songs | Dia Mirza,Retro Romance Songs,2025-12-29 13:01:29+00:00,81741,132,0,PT6M6S,22,0.0016148566814695195
ab-ngiHI7_g,Jana Nayagan Trailer Reaction | Thalapathy Vijay | Parbrahm Singh,Parbrahm Singh,2026-01-03 15:18:00+00:00,68719,6455,341,PT4M39S,24,0.0988955019717982
krGzXubLDSU,"Break 9,483,738 Bones to Win! üíÄ",Tyro Gaming,2026-01-01 14:28:00+00:00,1032928,7023,512,PT11M17S,20,0.00729479692679451
vWqrNyfKlbw,"Tuition Badmashi Kaa - Hemant Faujdar, Kiran, Masoom Sharma, Manisha Sharma, Ajay Dhankhar, AmanJaji",Hp Music Live,2025-12-31 12:54:00+00:00,607851,2521,56,PT4M36S,10,0.0042395258048436215
jmqO7yNMv5U,Jana Nayagan Official Trailer Reaction Thalapathy Vijay Pooja Mamitha Baiju | Entertainment Kizhi,Entertainment Kizhi,2026-01-03 14:02:43+00:00,69710,5258,659,PT10M10S,22,0.08488021804619136
TnIKftanQcM,"Blizzard Battlegrounds S1| Group Stage Day 2 |#GodLike,#IQOOSoul,#K9,#Og,#Gdr,#Tt,#4tr,#Madkings",GSG ESPORTS ,2026-01-03 15:26:51+00:00,428806,12206,26,PT5H30M8S,20,0.028525720255780002
VyqPGcQgtEE,‡§∂‡§®‡§ø‡§µ‡§æ‡§∞ ‡§ï‡•á ‡§¶‡§ø‡§® ‡§Ö‡§™‡§®‡•á ‡§ò‡§∞ ‡§Æ‡•á‡§Ç ‡§Ø‡•á ‡§∏‡•Å‡§Ç‡§¶‡§∞‡§ï‡§æ‡§£‡•ç‡§° ‡§™‡§æ‡§†‡§ö‡§≤‡§æ‡§ï‡§∞ ‡§∞‡§ñ ‡§¶‡•á‡§®‡§æ‡§∏‡§≠‡•Ä ‡§¶‡•Å‡§É‡§ñ ‡§¶‡§∞‡•ç‡§¶ ‡§∏‡§≠‡•Ä ‡§™‡§∞‡•á‡§∂‡§æ‡§®‡•Ä ‡§ú‡§°‡§º ‡§∏‡•á ‡§ñ‡§§‡•ç‡§Æ,Shri Hanuman Chalisa Trending ,2026-01-02 22:30:19+00:00,123572,1158,150,PT52M30S,10,0.010584922150649014
8xrwSz2dnHk,Jana Nayagan - Tamil Trailer | Thalapathy vijay | H Vinoth | Jana Nayagan trailer review ,Tamil 360,2026-01-03 13:15:01+00:00,193152,7835,275,PT2M3S,24,0.04198765738899934
aKjUWU5YMpQ,Franklin Entered Inside Spiderman Head & Mouth In Indian Bike Driving 3d,HandsomeGamer,2026-01-03 01:30:50+00:00,218679,0,16,PT12M19S,22,7.316660493234376e-05
yymzn3w6Mdo,Psycho Saithan - Video Song | Mark | Kichcha Sudeepa | Vijay Kartikeyaa | Ajaneesh B Loknath,Saregama Kannada,2026-01-01 10:30:43+00:00,774369,20772,1283,PT3M3S,10,0.028481253769197887
HR34chdPHXw,Jana Nayagan - Trailer Review Tamil | Jana Nayagan Trailer | Jana Nayagan Movie Trailer,Lollu Facts,2026-01-03 14:30:16+00:00,101072,3102,103,PT5M44S,24,0.03171006807028653
P0DI5LZy9D8,CHOO CHOO CHARLES LIVE üî¥ | Sirf Ek Galti Aur GAME OVER üò±  | Hear is live #shortslive #shorts,Hear Is Live,2026-01-04 04:47:24+00:00,138409,3346,3,PT2H14M1S,20,0.02419640341307285
neRiV_eE7mQ,Mega Victory Mass Lyrical Video | Chiranjeevi | Venkatesh | Anil Ravipudi | Bheems Ceciroleo | MSG,T-Series Telugu,2025-12-30 10:45:13+00:00,14150411,119309,4545,PT3M16S,10,0.008752678632443962
97e19cE0HyY,Jana Nayagan Trailer Reaction & Review üî•: Thalapathy Vijay | H. Vinoth | Anirudh | Enowaytion Plus,Enowaytion Plus,2026-01-03 14:39:52+00:00,77400,7239,437,PT7M49S,24,0.09917312661498708
oTqJScP8qO0,SHINCHAN AND FRANKLIN TRIED THE IMPOSSIBLE GIANT BUMPY ROAD PARKOUR CHALLENGE GTA 5,Yippi Gaming,2026-01-03 04:15:03+00:00,133907,1710,37,PT17M43S,20,0.013046368001672803
e41FFabIbv8,#video | ‡§ï‡§æ‡§®‡§™‡•Å‡§∞ ‡§ï‡•á ‡§™‡§ø‡§∏‡•ç‡§§‡•ã‡§≤ | Sanjay Yaduvanshi | Sanjay Sultanpuriya | Kanpur Ke Pistol,Shujay Music World,2026-01-03 00:30:42+00:00,127525,10348,883,PT2M50S,10,0.08806900607723976
HQhldXQCFvk,Jana Nayagan Trailer Decodingüî•Inch by inch Comparison with Bhagavanth Kesari üò± Vijay VS Balayya,Rednool,2026-01-03 14:25:11+00:00,75726,1211,202,PT9M20S,24,0.01865937722842881
4gJoB-8NALI,Zee Media Arena of Champions | Group-Stage Day 2,Zee Media - Arena Of Champions,2026-01-03 17:04:47+00:00,345953,15022,151,PT4H59M31S,20,0.04385855882157403
BHyymGNMDr4,#Video | #Raushan Rohi | ‡§ï‡§æ‡§≤‡§æ ‡§ß‡§® | #Srishti Bharti | #Muskan KT | Kala Dhan | New Maghi Song 2026,Raushan Rohi Entertainment,2026-01-02 01:16:56+00:00,310933,13365,833,PT4M1S,10,0.04566257039297855
YeUuLl0E004,Jananayagan trailer theatre response | jananayagan trailer audience response,‡Æé‡Æô‡Øç‡Æï ‡Æä‡Æ∞‡ØÅ ‡Æ®‡ØÜ‡Æ≤‡Øç‡Æ≤‡Øà,2026-01-03 13:59:05+00:00,120059,4438,57,PT1M20S,24,0.037439925370026404
